{"cameraMode":{"drawMode":0,"name":"Shaded","section":"Shading Mode"},"sceneLighting":true,"audioPlay":false,"sceneViewState":{"showFog":true,"showMaterialUpdate":false,"showSkybox":true,"showFlares":true,"showImageEffects":true,"showParticleSystems":true},"in2DMode":false,"pivot":{"x":521.002685546875,"y":331.5101318359375,"z":1307.81298828125},"rotation":{"x":0.026686890050768853,"y":-0.003901898628100753,"z":-0.00010441000631544739,"w":-0.9996362328529358},"size":1922.9412841796875,"orthographic":false}