{"cameraMode":{"drawMode":0,"name":"Shaded","section":"Shading Mode"},"sceneLighting":false,"audioPlay":false,"sceneViewState":{"showFog":true,"showMaterialUpdate":false,"showSkybox":false,"showFlares":true,"showImageEffects":true,"showParticleSystems":true},"in2DMode":false,"pivot":{"x":0.0,"y":-6.749994277954102,"z":59.484378814697269},"rotation":{"x":0.012249698862433434,"y":0.09882637858390808,"z":-0.0012138565070927144,"w":0.995033323764801},"size":111.88423919677735,"orthographic":false}