{"cameraMode":{"drawMode":0,"name":"Shaded","section":"Shading Mode"},"sceneLighting":false,"audioPlay":false,"sceneViewState":{"showFog":true,"showMaterialUpdate":false,"showSkybox":false,"showFlares":true,"showImageEffects":true,"showParticleSystems":true},"in2DMode":false,"pivot":{"x":-0.0000021457672119140627,"y":0.0014526844024658204,"z":0.03741335868835449},"rotation":{"x":0.055285368114709857,"y":0.13289211690425874,"z":-0.007421550340950489,"w":0.9895650148391724},"size":9.371570587158204,"orthographic":false}