{"cameraMode":{"drawMode":0,"name":"Shaded","section":"Shading Mode"},"sceneLighting":false,"audioPlay":false,"sceneViewState":{"showFog":true,"showMaterialUpdate":false,"showSkybox":false,"showFlares":true,"showImageEffects":true,"showParticleSystems":true},"in2DMode":false,"pivot":{"x":5.960464477539063e-8,"y":2.5,"z":-5.659999847412109},"rotation":{"x":0.2876904010772705,"y":0.07776398956775665,"z":-0.023443644866347314,"w":0.9542732238769531},"size":2.857893943786621,"orthographic":false}