{"cameraMode":{"drawMode":0,"name":"Shaded","section":"Shading Mode"},"sceneLighting":false,"audioPlay":false,"sceneViewState":{"showFog":true,"showMaterialUpdate":false,"showSkybox":false,"showFlares":true,"showImageEffects":true,"showParticleSystems":true},"in2DMode":false,"pivot":{"x":-3.419184684753418,"y":-2.240875720977783,"z":3.339843273162842},"rotation":{"x":-0.004500356502830982,"y":-0.01412702351808548,"z":0.00003235829353798181,"w":0.9998900890350342},"size":10.21895980834961,"orthographic":true}