{"cameraMode":{"drawMode":0,"name":"Shaded","section":"Shading Mode"},"sceneLighting":false,"audioPlay":false,"sceneViewState":{"showFog":true,"showMaterialUpdate":false,"showSkybox":false,"showFlares":true,"showImageEffects":true,"showParticleSystems":true},"in2DMode":false,"pivot":{"x":-2.6828367710113527,"y":-2.354335308074951,"z":2.1681649684906008},"rotation":{"x":-0.0013340726727619768,"y":-0.9978214502334595,"z":0.06294535845518112,"w":-0.0197096299380064},"size":2.761906385421753,"orthographic":false}