{"cameraMode":{"drawMode":0,"name":"Shaded","section":"Shading Mode"},"sceneLighting":true,"audioPlay":false,"sceneViewState":{"showFog":true,"showMaterialUpdate":false,"showSkybox":true,"showFlares":true,"showImageEffects":true,"showParticleSystems":true},"in2DMode":false,"pivot":{"x":-0.9916787147521973,"y":-0.06602632999420166,"z":0.857780933380127},"rotation":{"x":0.13710255920886994,"y":0.28622958064079287,"z":-0.04142216593027115,"w":0.9473962783813477},"size":4.178999900817871,"orthographic":false}