{"cameraMode":{"drawMode":0,"name":"Shaded","section":"Shading Mode"},"sceneLighting":true,"audioPlay":false,"sceneViewState":{"showFog":true,"showMaterialUpdate":true,"showSkybox":true,"showFlares":true,"showImageEffects":true,"showParticleSystems":true},"in2DMode":false,"pivot":{"x":0.8062768578529358,"y":1.1225700378417969,"z":-1.8629151582717896},"rotation":{"x":0.1684654802083969,"y":0.4978838860988617,"z":-0.09927649796009064,"w":0.8449113368988037},"size":6.00968599319458,"orthographic":false}