{"cameraMode":{"drawMode":0,"name":"Shaded","section":"Shading Mode"},"sceneLighting":true,"audioPlay":false,"sceneViewState":{"showFog":true,"showMaterialUpdate":false,"showSkybox":true,"showFlares":true,"showImageEffects":true,"showParticleSystems":true},"in2DMode":false,"pivot":{"x":1.825354814529419,"y":1.8091943264007569,"z":0.507110595703125},"rotation":{"x":-0.14934656023979188,"y":-0.07201699167490006,"z":0.010907161049544812,"w":-0.9860984683036804},"size":7.949873924255371,"orthographic":false}