{"cameraMode":{"drawMode":0,"name":"Shaded","section":"Shading Mode"},"sceneLighting":true,"audioPlay":false,"sceneViewState":{"showFog":true,"showMaterialUpdate":false,"showSkybox":true,"showFlares":true,"showImageEffects":true,"showParticleSystems":true},"in2DMode":false,"pivot":{"x":0.40768760442733767,"y":0.6471405029296875,"z":6.789419174194336},"rotation":{"x":-0.05272219702601433,"y":-0.048815060406923297,"z":0.0025791218504309656,"w":-0.9974121451377869},"size":13.910242080688477,"orthographic":false}