{"cameraMode":{"drawMode":0,"name":"Shaded","section":"Shading Mode"},"sceneLighting":true,"audioPlay":false,"sceneViewState":{"showFog":true,"showMaterialUpdate":false,"showSkybox":true,"showFlares":true,"showImageEffects":true,"showParticleSystems":true},"in2DMode":false,"pivot":{"x":-1.6097705364227296,"y":-8.779488563537598,"z":16.105554580688478},"rotation":{"x":0.24953092634677888,"y":-0.02874474972486496,"z":0.0074105714447796349,"w":0.9679117798805237},"size":28.029935836791993,"orthographic":false}